"","Gene set","Overlap","pValue","pAdj"
"1","#DNA","CDK2, E2F4","0.999949777270061",1
"2","#ERS","GSK3A","0.957479728622967",1
"3","#HTS","CSNK2A1","0.999155806522824",1
"4","#HYP","HDAC1","0.999540360087205",1
"5","#MTL","CDK5","0.998009565173247",1
"6","#OXD","MYB, SMAD3","0.986313506069013",1
