"","Gene set","Overlap","pValue","pAdj"
"1","#DNA","SFN","0.999999989353541",1
"2","#ERS","GSK3A","0.990048725836894",1
"3","#HTS","CSNK2A1","0.999967424594136",1
"4","#HYP","FOS, HDAC1, TP53","0.998888948482806",1
"5","#MTL","CDK5","0.999886050735902",1
"6","#OXD","SRC, SMAD3","0.998946048748578",1
