"","Gene set","Overlap","pValue","pAdj"
"1","#DNA","E2F7","0.999999963697787",1
"2","#ERS","GSK3A","0.986458799516884",1
"3","#HTS","CSNK2A1","0.999935031180414",1
"4","#HYP","HDAC1","0.999971619088432",1
"5","#MTL","CDK5","0.999790981177912",1
"6","#OXD","CAPN2, MYB, SRC","0.990790065466885",1
